observed_date,source,market,canonical_fish_name,noryangjin_species_name,source_species_name,trade_state,origin,spec,package_unit,quantity,weight,high_price_krw,low_price_krw,avg_price_krw,source_url
2026-07-10,noryangjin,노량진수산물도매시장,,가무락,(활)가무락,활,인천,대,그물망,3,,243500,182000,223000,https://www.susansijang.co.kr/nsis/miw/ko/info/miw3110
2026-07-10,noryangjin,노량진수산물도매시장,,가자미,(선)가자미,선,축산,10/20미,S/P,1,,25000,25000,25000,https://www.susansijang.co.kr/nsis/miw/ko/info/miw3110
2026-07-10,noryangjin,노량진수산물도매시장,,가자미,(선)가자미,선,군산,100미,S/P,5,,20000,20000,20000,https://www.susansijang.co.kr/nsis/miw/ko/info/miw3110
2026-07-10,noryangjin,노량진수산물도매시장,,가자미,(선)가자미,선,군산,80미,S/P,10,,28000,28000,28000,https://www.susansijang.co.kr/nsis/miw/ko/info/miw3110
2026-07-10,noryangjin,노량진수산물도매시장,,가자미(H/G),(냉)가자미(H/G),냉,러시아,200/300,CT/(BT),30,,27200,27200,27200,https://www.susansijang.co.kr/nsis/miw/ko/info/miw3110
2026-07-10,noryangjin,노량진수산물도매시장,,간재미,(선)간재미,선,군산,1미,미(마리),10,,4000,4000,4000,https://www.susansijang.co.kr/nsis/miw/ko/info/miw3110
2026-07-10,noryangjin,노량진수산물도매시장,,간재미,(선)간재미,선,군산,10미,S/P,30,,3000,2300,2800,https://www.susansijang.co.kr/nsis/miw/ko/info/miw3110
2026-07-10,noryangjin,노량진수산물도매시장,,간재미,(선)간재미,선,군산,4미,S/P,4,,700,700,700,https://www.susansijang.co.kr/nsis/miw/ko/info/miw3110
2026-07-10,noryangjin,노량진수산물도매시장,갈치,갈치,(선)갈치,선,군산,소,S/P,7,,13000,13000,13000,https://www.susansijang.co.kr/nsis/miw/ko/info/miw3110
2026-07-10,noryangjin,노량진수산물도매시장,갈치,갈치,(냉)갈치,냉,세네갈,400/500,CT/(BT),10,,54600,54600,54600,https://www.susansijang.co.kr/nsis/miw/ko/info/miw3110
2026-07-10,noryangjin,노량진수산물도매시장,갈치,은갈치,(선)은갈치,선,제주도,20미,S/P,11,,108000,55000,73000,https://www.susansijang.co.kr/nsis/miw/ko/info/miw3110
2026-07-10,noryangjin,노량진수산물도매시장,갈치,은갈치,(선)은갈치,선,제주도,32미,S/P,1,,75000,75000,75000,https://www.susansijang.co.kr/nsis/miw/ko/info/miw3110
2026-07-10,noryangjin,노량진수산물도매시장,갈치,은갈치,(선)은갈치,선,제주도,3미,S/P,1,,145000,145000,145000,https://www.susansijang.co.kr/nsis/miw/ko/info/miw3110
2026-07-10,noryangjin,노량진수산물도매시장,갈치,은갈치,(선)은갈치,선,제주도,6미,S/P,14,,237000,195000,212700,https://www.susansijang.co.kr/nsis/miw/ko/info/miw3110
2026-07-10,noryangjin,노량진수산물도매시장,갈치,은갈치,(선)은갈치,선,제주도,13미,S/P,5,,56000,48000,54400,https://www.susansijang.co.kr/nsis/miw/ko/info/miw3110
2026-07-10,noryangjin,노량진수산물도매시장,갈치,은갈치,(선)은갈치,선,제주도,34미,S/P,2,,95000,95000,95000,https://www.susansijang.co.kr/nsis/miw/ko/info/miw3110
2026-07-10,noryangjin,노량진수산물도매시장,갈치,은갈치,(선)은갈치,선,제주도,9미,S/P,2,,176000,80000,128000,https://www.susansijang.co.kr/nsis/miw/ko/info/miw3110
2026-07-10,noryangjin,노량진수산물도매시장,갈치,은갈치,(선)은갈치,선,제주도,4미,S/P,7,,256000,60000,209000,https://www.susansijang.co.kr/nsis/miw/ko/info/miw3110
2026-07-10,noryangjin,노량진수산물도매시장,갈치,은갈치,(선)은갈치,선,제주도,7미,S/P,12,,225000,196000,210000,https://www.susansijang.co.kr/nsis/miw/ko/info/miw3110
2026-07-10,noryangjin,노량진수산물도매시장,갈치,은갈치,(선)은갈치,선,제주도,25미,S/P,5,,48000,48000,48000,https://www.susansijang.co.kr/nsis/miw/ko/info/miw3110
2026-07-10,noryangjin,노량진수산물도매시장,갈치,은갈치,(선)은갈치,선,제주도,10미,S/P,60,,170000,55000,109800,https://www.susansijang.co.kr/nsis/miw/ko/info/miw3110
2026-07-10,noryangjin,노량진수산물도매시장,갈치,은갈치,(선)은갈치,선,제주도,5미,S/P,9,,260000,237000,251900,https://www.susansijang.co.kr/nsis/miw/ko/info/miw3110
2026-07-10,noryangjin,노량진수산물도매시장,갈치,은갈치,(선)은갈치,선,제주도,31미,S/P,1,,75000,75000,75000,https://www.susansijang.co.kr/nsis/miw/ko/info/miw3110
2026-07-10,noryangjin,노량진수산물도매시장,갈치,은갈치,(선)은갈치,선,제주도,16미,S/P,1,,28000,28000,28000,https://www.susansijang.co.kr/nsis/miw/ko/info/miw3110
2026-07-10,noryangjin,노량진수산물도매시장,갈치,은갈치,(선)은갈치,선,제주도,8미,S/P,16,,220000,110000,200300,https://www.susansijang.co.kr/nsis/miw/ko/info/miw3110
2026-07-10,noryangjin,노량진수산물도매시장,갈치,은갈치,(선)은갈치,선,제주도,12미,S/P,2,,70000,70000,70000,https://www.susansijang.co.kr/nsis/miw/ko/info/miw3110
2026-07-10,noryangjin,노량진수산물도매시장,갈치,은갈치,(선)은갈치,선,제주도,11미,S/P,1,,85000,85000,85000,https://www.susansijang.co.kr/nsis/miw/ko/info/miw3110
2026-07-10,noryangjin,노량진수산물도매시장,갈치,은갈치,(선)은갈치,선,제주도,14미,S/P,1,,52000,52000,52000,https://www.susansijang.co.kr/nsis/miw/ko/info/miw3110
2026-07-10,noryangjin,노량진수산물도매시장,감성돔,감성돔,(활)감성돔,활,통영,3/4미,kg,4.8,,35000,35000,35000,https://www.susansijang.co.kr/nsis/miw/ko/info/miw3110
2026-07-10,noryangjin,노량진수산물도매시장,감성돔,감성돔,(활)감성돔,활,목포,2미,kg,4.2,,45000,45000,45000,https://www.susansijang.co.kr/nsis/miw/ko/info/miw3110
2026-07-10,noryangjin,노량진수산물도매시장,감성돔,감성돔,(활)감성돔,활,통영,2미,kg,6.3,,36500,36000,36300,https://www.susansijang.co.kr/nsis/miw/ko/info/miw3110
2026-07-10,noryangjin,노량진수산물도매시장,감성돔,감성돔,(활)감성돔,활,통영,4미,kg,10.5,,27000,26000,26500,https://www.susansijang.co.kr/nsis/miw/ko/info/miw3110
2026-07-10,noryangjin,노량진수산물도매시장,감성돔,감성돔,(활)감성돔,활,목포,1미,kg,5.1,,15000,11000,13400,https://www.susansijang.co.kr/nsis/miw/ko/info/miw3110
2026-07-10,noryangjin,노량진수산물도매시장,감성돔,감성돔,(활)감성돔,활,완도,1미,kg,4.7,,57000,57000,57000,https://www.susansijang.co.kr/nsis/miw/ko/info/miw3110
2026-07-10,noryangjin,노량진수산물도매시장,감성돔,감성돔,(선)감성돔,선,중국,2미,kg,1,,1000,1000,1000,https://www.susansijang.co.kr/nsis/miw/ko/info/miw3110
2026-07-10,noryangjin,노량진수산물도매시장,가숭어,감숭어,(활)감숭어,활,진도,10/20미,kg,31,,9500,9000,9200,https://www.susansijang.co.kr/nsis/miw/ko/info/miw3110
2026-07-10,noryangjin,노량진수산물도매시장,가숭어,감숭어,(활)감숭어,활,완도,5미,kg,9.8,,9000,9000,9000,https://www.susansijang.co.kr/nsis/miw/ko/info/miw3110
2026-07-10,noryangjin,노량진수산물도매시장,가숭어,감숭어,(활)감숭어,활,완도,10/15미,kg,55.9,,9000,2500,5600,https://www.susansijang.co.kr/nsis/miw/ko/info/miw3110
2026-07-10,noryangjin,노량진수산물도매시장,가숭어,감숭어,(활)감숭어,활,진도,5/10미,kg,216.5,,9500,8000,9400,https://www.susansijang.co.kr/nsis/miw/ko/info/miw3110
2026-07-10,noryangjin,노량진수산물도매시장,,갑오징어,(선)갑오징어,선,군산,대,box,10,,8500,8500,8500,https://www.susansijang.co.kr/nsis/miw/ko/info/miw3110
2026-07-10,noryangjin,노량진수산물도매시장,도다리,강도다리,(활)강도다리,활,제주도,10미,kg,3,,21000,21000,21000,https://www.susansijang.co.kr/nsis/miw/ko/info/miw3110
2026-07-10,noryangjin,노량진수산물도매시장,,개조개,(활)개조개,활,태안,대,box,5,,81200,80000,80500,https://www.susansijang.co.kr/nsis/miw/ko/info/miw3110
2026-07-10,noryangjin,노량진수산물도매시장,갯장어,갯장어,(선)갯장어,선,나로도,7미,S/P,34,,9000,8500,8600,https://www.susansijang.co.kr/nsis/miw/ko/info/miw3110
2026-07-10,noryangjin,노량진수산물도매시장,갯장어,갯장어,(선)갯장어,선,나로도,5미,S/P,50,,15000,14000,14700,https://www.susansijang.co.kr/nsis/miw/ko/info/miw3110
2026-07-10,noryangjin,노량진수산물도매시장,갯장어,갯장어,(선)갯장어,선,제주도,7미,S/P,1,,35000,35000,35000,https://www.susansijang.co.kr/nsis/miw/ko/info/miw3110
2026-07-10,noryangjin,노량진수산물도매시장,,겉맛,(활)겉맛,활,순천,중,box,22,,48800,45500,47600,https://www.susansijang.co.kr/nsis/miw/ko/info/miw3110
2026-07-10,noryangjin,노량진수산물도매시장,,겉바지락,(활)겉바지락,활,인천,대,그물망,7,,86100,71000,80400,https://www.susansijang.co.kr/nsis/miw/ko/info/miw3110
2026-07-10,noryangjin,노량진수산물도매시장,,겉바지락,(활)겉바지락,활,중국,대,box,7,,36400,34200,35500,https://www.susansijang.co.kr/nsis/miw/ko/info/miw3110
2026-07-10,noryangjin,노량진수산물도매시장,,게르치,(선)게르치,선,통영,20미,S/P,2,,80000,80000,80000,https://www.susansijang.co.kr/nsis/miw/ko/info/miw3110
2026-07-10,noryangjin,노량진수산물도매시장,고등어,고등어,(선)고등어,선,제주도,15미,S/P,38,,62000,40000,55800,https://www.susansijang.co.kr/nsis/miw/ko/info/miw3110
2026-07-10,noryangjin,노량진수산물도매시장,고등어,고등어,(선)고등어,선,제주도,13미,S/P,5,,35000,35000,35000,https://www.susansijang.co.kr/nsis/miw/ko/info/miw3110
2026-07-10,noryangjin,노량진수산물도매시장,고등어,고등어,(선)고등어,선,속초,8미,S/P,5,,25000,18000,20800,https://www.susansijang.co.kr/nsis/miw/ko/info/miw3110
2026-07-10,noryangjin,노량진수산물도매시장,고등어,고등어,(선)고등어,선,제주도,12미,S/P,1,,100000,100000,100000,https://www.susansijang.co.kr/nsis/miw/ko/info/miw3110
2026-07-10,noryangjin,노량진수산물도매시장,고등어,고등어,(선)고등어,선,속초,15미,S/P,38,,10000,7000,8500,https://www.susansijang.co.kr/nsis/miw/ko/info/miw3110
2026-07-10,noryangjin,노량진수산물도매시장,,염고등어,(냉)염고등어,냉,노르웨이,특대,CT/(BT),30,,84100,84100,84100,https://www.susansijang.co.kr/nsis/miw/ko/info/miw3110
2026-07-10,noryangjin,노량진수산물도매시장,,금태,(선)금태,선,제주도,60미,kg,10,,20000,20000,20000,https://www.susansijang.co.kr/nsis/miw/ko/info/miw3110
2026-07-10,noryangjin,노량진수산물도매시장,,깐굴,(선)깐굴,선,통영,중,box,5,,21100,21100,21100,https://www.susansijang.co.kr/nsis/miw/ko/info/miw3110
2026-07-10,noryangjin,노량진수산물도매시장,,깐바지락,(선)깐바지락,선,삼천포,소,box,287,,14000,7000,9700,https://www.susansijang.co.kr/nsis/miw/ko/info/miw3110
2026-07-10,noryangjin,노량진수산물도매시장,,깐바지락,(선)깐바지락,선,여수,소,box,30,,9800,7800,9100,https://www.susansijang.co.kr/nsis/miw/ko/info/miw3110
2026-07-10,noryangjin,노량진수산물도매시장,,깐홍합,(선)깐홍합,선,여수,소,box,77,,9300,7700,8500,https://www.susansijang.co.kr/nsis/miw/ko/info/miw3110
2026-07-10,noryangjin,노량진수산물도매시장,,꼴뚜기,(선)꼴뚜기,선,여수,6봉,box,6,,7100,7100,7100,https://www.susansijang.co.kr/nsis/miw/ko/info/miw3110
2026-07-10,noryangjin,노량진수산물도매시장,,꼴뚜기,(선)꼴뚜기,선,여수,10봉,box,30,,7100,7000,7100,https://www.susansijang.co.kr/nsis/miw/ko/info/miw3110
2026-07-10,noryangjin,노량진수산물도매시장,,꼴뚜기,(선)꼴뚜기,선,속초,20미,S/P,12,,22000,22000,22000,https://www.susansijang.co.kr/nsis/miw/ko/info/miw3110
2026-07-10,noryangjin,노량진수산물도매시장,광어,넙치,(활)넙치,활,제주도,2/3미,kg,238,,25500,17000,20400,https://www.susansijang.co.kr/nsis/miw/ko/info/miw3110
2026-07-10,noryangjin,노량진수산물도매시장,광어,넙치,(활)넙치,활,완도,1미,kg,4.1,,35000,35000,35000,https://www.susansijang.co.kr/nsis/miw/ko/info/miw3110
2026-07-10,noryangjin,노량진수산물도매시장,광어,넙치,(활)넙치,활,제주도,4/5미,kg,460.4,,26000,13000,20300,https://www.susansijang.co.kr/nsis/miw/ko/info/miw3110
2026-07-10,noryangjin,노량진수산물도매시장,광어,넙치,(활)넙치,활,제주도,4미,kg,321.9,,25500,22000,23900,https://www.susansijang.co.kr/nsis/miw/ko/info/miw3110
2026-07-10,noryangjin,노량진수산물도매시장,광어,넙치,(활)넙치,활,제주도,5미,kg,49.7,,25000,18000,23600,https://www.susansijang.co.kr/nsis/miw/ko/info/miw3110
2026-07-10,noryangjin,노량진수산물도매시장,광어,넙치,(활)넙치,활,제주도,10미,kg,43.3,,23500,21500,22800,https://www.susansijang.co.kr/nsis/miw/ko/info/miw3110
2026-07-10,noryangjin,노량진수산물도매시장,광어,넙치,(활)넙치,활,통영,1미,kg,5,,28000,28000,28000,https://www.susansijang.co.kr/nsis/miw/ko/info/miw3110
2026-07-10,noryangjin,노량진수산물도매시장,광어,넙치,(활)넙치,활,제주도,6미,kg,7.3,,16000,16000,16000,https://www.susansijang.co.kr/nsis/miw/ko/info/miw3110
2026-07-10,noryangjin,노량진수산물도매시장,광어,찰넙치,(활)찰넙치,활,중국,1/2미,kg,2,,3000,3000,3000,https://www.susansijang.co.kr/nsis/miw/ko/info/miw3110
2026-07-10,noryangjin,노량진수산물도매시장,광어,찰넙치,(활)찰넙치,활,중국,5미,kg,181,,12000,10000,10600,https://www.susansijang.co.kr/nsis/miw/ko/info/miw3110
2026-07-10,noryangjin,노량진수산물도매시장,광어,넙치,(활)넙치,활,제주도,1미,kg,6.4,,25000,17000,22100,https://www.susansijang.co.kr/nsis/miw/ko/info/miw3110
2026-07-10,noryangjin,노량진수산물도매시장,광어,넙치,(활)넙치,활,제주도,3/4미,kg,418.8,,26500,17000,20700,https://www.susansijang.co.kr/nsis/miw/ko/info/miw3110
2026-07-10,noryangjin,노량진수산물도매시장,광어,넙치,(활)넙치,활,제주도,3미,kg,21,,32000,8000,17500,https://www.susansijang.co.kr/nsis/miw/ko/info/miw3110
2026-07-10,noryangjin,노량진수산물도매시장,광어,찰넙치,(활)찰넙치,활,중국,5/6미,kg,206.7,,11000,8500,9500,https://www.susansijang.co.kr/nsis/miw/ko/info/miw3110
2026-07-10,noryangjin,노량진수산물도매시장,광어,찰넙치,(활)찰넙치,활,중국,2/3미,kg,24.3,,13000,13000,13000,https://www.susansijang.co.kr/nsis/miw/ko/info/miw3110
2026-07-10,noryangjin,노량진수산물도매시장,농어,농어,(활)농어,활,중국,1미,kg,68.1,,20500,7000,18500,https://www.susansijang.co.kr/nsis/miw/ko/info/miw3110
2026-07-10,noryangjin,노량진수산물도매시장,농어,농어,(활)농어,활,중국,1/2미,kg,5.4,,21000,21000,21000,https://www.susansijang.co.kr/nsis/miw/ko/info/miw3110
2026-07-10,noryangjin,노량진수산물도매시장,농어,농어,(활)농어,활,통영,4미,kg,8.1,,10000,7000,8600,https://www.susansijang.co.kr/nsis/miw/ko/info/miw3110
2026-07-10,noryangjin,노량진수산물도매시장,농어,농어,(활)농어,활,중국,6미,kg,7.8,,3000,3000,3000,https://www.susansijang.co.kr/nsis/miw/ko/info/miw3110
2026-07-10,noryangjin,노량진수산물도매시장,농어,농어,(활)농어,활,목포,1/2미,kg,6.1,,35000,35000,35000,https://www.susansijang.co.kr/nsis/miw/ko/info/miw3110
2026-07-10,noryangjin,노량진수산물도매시장,농어,농어,(활)농어,활,통영,3미,kg,63,,19000,12500,15900,https://www.susansijang.co.kr/nsis/miw/ko/info/miw3110
2026-07-10,noryangjin,노량진수산물도매시장,농어,농어,(선)농어,선,중국,3미,kg,5.7,,7000,7000,7000,https://www.susansijang.co.kr/nsis/miw/ko/info/miw3110
2026-07-10,noryangjin,노량진수산물도매시장,농어,농어,(선)농어,선,중국,1미,kg,6.6,,6500,6500,6500,https://www.susansijang.co.kr/nsis/miw/ko/info/miw3110
2026-07-10,noryangjin,노량진수산물도매시장,농어,농어,(선)농어,선,통영,1/2미,kg,1.9,,1000,1000,1000,https://www.susansijang.co.kr/nsis/miw/ko/info/miw3110
2026-07-10,noryangjin,노량진수산물도매시장,농어,농어,(선)농어,선,군산,1미,kg,2.4,,8000,8000,8000,https://www.susansijang.co.kr/nsis/miw/ko/info/miw3110
2026-07-10,noryangjin,노량진수산물도매시장,농어,농어,(활)농어,활,중국,3미,kg,545.8,,22000,5000,15000,https://www.susansijang.co.kr/nsis/miw/ko/info/miw3110
2026-07-10,noryangjin,노량진수산물도매시장,농어,농어,(활)농어,활,완도,1미,kg,6.9,,28000,13000,25600,https://www.susansijang.co.kr/nsis/miw/ko/info/miw3110
2026-07-10,noryangjin,노량진수산물도매시장,농어,농어,(활)농어,활,중국,5미,kg,11,,9000,9000,9000,https://www.susansijang.co.kr/nsis/miw/ko/info/miw3110
2026-07-10,noryangjin,노량진수산물도매시장,농어,농어,(활)농어,활,중국,7미,kg,30.7,,8000,3000,5500,https://www.susansijang.co.kr/nsis/miw/ko/info/miw3110
2026-07-10,noryangjin,노량진수산물도매시장,농어,농어,(활)농어,활,중국,2미,kg,446.9,,22000,7000,16700,https://www.susansijang.co.kr/nsis/miw/ko/info/miw3110
2026-07-10,noryangjin,노량진수산물도매시장,농어,농어,(활)농어,활,통영,2미,kg,75.3,,19000,12500,16800,https://www.susansijang.co.kr/nsis/miw/ko/info/miw3110
2026-07-10,noryangjin,노량진수산물도매시장,농어,농어,(활)농어,활,중국,3/4미,kg,298.2,,22500,7000,14100,https://www.susansijang.co.kr/nsis/miw/ko/info/miw3110
2026-07-10,noryangjin,노량진수산물도매시장,농어,농어,(활)농어,활,중국,4미,kg,192.6,,22000,6000,13600,https://www.susansijang.co.kr/nsis/miw/ko/info/miw3110
2026-07-10,noryangjin,노량진수산물도매시장,농어,농어,(활)농어,활,통영,1미,kg,24.4,,19000,10000,14200,https://www.susansijang.co.kr/nsis/miw/ko/info/miw3110
2026-07-10,noryangjin,노량진수산물도매시장,농어,농어,(선)농어,선,통영,1미,kg,7.3,,11000,6000,9300,https://www.susansijang.co.kr/nsis/miw/ko/info/miw3110
2026-07-10,noryangjin,노량진수산물도매시장,농어,농어,(활)농어,활,중국,7/8미,kg,37.3,,21000,21000,21000,https://www.susansijang.co.kr/nsis/miw/ko/info/miw3110
2026-07-10,noryangjin,노량진수산물도매시장,농어,농어,(활)농어,활,목포,1미,kg,14.3,,30000,12000,23700,https://www.susansijang.co.kr/nsis/miw/ko/info/miw3110
2026-07-10,noryangjin,노량진수산물도매시장,농어,농어,(활)농어,활,대천,1미,kg,16.9,,40000,19000,33300,https://www.susansijang.co.kr/nsis/miw/ko/info/miw3110
2026-07-10,noryangjin,노량진수산물도매시장,농어,농어,(활)농어,활,중국,4/5미,kg,203.9,,20000,8000,9100,https://www.susansijang.co.kr/nsis/miw/ko/info/miw3110
2026-07-10,noryangjin,노량진수산물도매시장,농어,농어,(활)농어,활,중국,2/3미,kg,228.9,,22000,7000,17800,https://www.susansijang.co.kr/nsis/miw/ko/info/miw3110
2026-07-10,noryangjin,노량진수산물도매시장,농어,농어,(선)농어,선,목포,1미,kg,7,,9000,9000,9000,https://www.susansijang.co.kr/nsis/miw/ko/info/miw3110
2026-07-10,noryangjin,노량진수산물도매시장,농어,농어,(선)농어,선,중국,5미,kg,8.7,,4000,4000,4000,https://www.susansijang.co.kr/nsis/miw/ko/info/miw3110
2026-07-10,noryangjin,노량진수산물도매시장,,능성어,(활)능성어,활,통영,4미,kg,25.4,,18500,16000,16600,https://www.susansijang.co.kr/nsis/miw/ko/info/miw3110
2026-07-10,noryangjin,노량진수산물도매시장,,능성어,(활)능성어,활,통영,5미,kg,49.4,,15500,13000,14000,https://www.susansijang.co.kr/nsis/miw/ko/info/miw3110
2026-07-10,noryangjin,노량진수산물도매시장,,능성어,(활)능성어,활,일본,2미,kg,75.4,,28000,20000,22900,https://www.susansijang.co.kr/nsis/miw/ko/info/miw3110
2026-07-10,noryangjin,노량진수산물도매시장,,능성어,(활)능성어,활,통영,2미,kg,8.7,,18500,15000,16900,https://www.susansijang.co.kr/nsis/miw/ko/info/miw3110
2026-07-10,noryangjin,노량진수산물도매시장,,능성어,(활)능성어,활,통영,3미,kg,8.7,,18500,18500,18500,https://www.susansijang.co.kr/nsis/miw/ko/info/miw3110
2026-07-10,noryangjin,노량진수산물도매시장,,능성어,(활)능성어,활,통영,2/3미,kg,104.6,,23500,12000,15500,https://www.susansijang.co.kr/nsis/miw/ko/info/miw3110
2026-07-10,noryangjin,노량진수산물도매시장,,능성어,(선)능성어,선,일본,3미,kg,68.6,,13000,10500,11700,https://www.susansijang.co.kr/nsis/miw/ko/info/miw3110
2026-07-10,noryangjin,노량진수산물도매시장,,능성어,(선)능성어,선,일본,1미,kg,2.4,,14000,14000,14000,https://www.susansijang.co.kr/nsis/miw/ko/info/miw3110
2026-07-10,noryangjin,노량진수산물도매시장,,다랑어,(선)다랑어,선,남해,4미,S/P,3,,15000,15000,15000,https://www.susansijang.co.kr/nsis/miw/ko/info/miw3110
2026-07-10,noryangjin,노량진수산물도매시장,,대게,(활)대게,활,러시아,20/25미,kg,1628.3,,42000,3500,38200,https://www.susansijang.co.kr/nsis/miw/ko/info/miw3110
2026-07-10,noryangjin,노량진수산물도매시장,,대게,(선)대게,선,러시아,20/25미,kg,54.1,,22000,3000,15000,https://www.susansijang.co.kr/nsis/miw/ko/info/miw3110
2026-07-10,noryangjin,노량진수산물도매시장,,대구,(선)대구,선,포항,3미,S/P,1,,50000,50000,50000,https://www.susansijang.co.kr/nsis/miw/ko/info/miw3110
2026-07-10,noryangjin,노량진수산물도매시장,,대맛,(활)대맛,활,군산,10단,box,120,,17700,12500,16200,https://www.susansijang.co.kr/nsis/miw/ko/info/miw3110
2026-07-10,noryangjin,노량진수산물도매시장,참돔,돔,(선)돔,선,제주도,9미,kg,8,,4500,4500,4500,https://www.susansijang.co.kr/nsis/miw/ko/info/miw3110
2026-07-10,noryangjin,노량진수산물도매시장,,딱돔,(활)딱돔,활,중국,4미,kg,26.6,,18000,17500,17900,https://www.susansijang.co.kr/nsis/miw/ko/info/miw3110
2026-07-10,noryangjin,노량진수산물도매시장,,딱돔,(활)딱돔,활,중국,3미,kg,19.8,,18000,18000,18000,https://www.susansijang.co.kr/nsis/miw/ko/info/miw3110
2026-07-10,noryangjin,노량진수산물도매시장,참돔,참돔,(활)참돔,활,일본,5/6미,kg,86,,22000,22000,22000,https://www.susansijang.co.kr/nsis/miw/ko/info/miw3110
2026-07-10,noryangjin,노량진수산물도매시장,참돔,참돔,(활)참돔,활,일본,3미,kg,1063.8,,23000,7000,18000,https://www.susansijang.co.kr/nsis/miw/ko/info/miw3110
2026-07-10,noryangjin,노량진수산물도매시장,참돔,참돔,(활)참돔,활,통영,1미,kg,3.1,,13000,13000,13000,https://www.susansijang.co.kr/nsis/miw/ko/info/miw3110
2026-07-10,noryangjin,노량진수산물도매시장,참돔,참돔,(활)참돔,활,일본,2/3미,kg,33.5,,22000,14000,18600,https://www.susansijang.co.kr/nsis/miw/ko/info/miw3110
2026-07-10,noryangjin,노량진수산물도매시장,참돔,참돔,(선)참돔,선,일본,2미,kg,5.8,,5500,5500,5500,https://www.susansijang.co.kr/nsis/miw/ko/info/miw3110
2026-07-10,noryangjin,노량진수산물도매시장,,혹돔,(활)혹돔,활,통영,1미,kg,8.5,,13000,13000,13000,https://www.susansijang.co.kr/nsis/miw/ko/info/miw3110
2026-07-10,noryangjin,노량진수산물도매시장,,딱돔,(활)딱돔,활,중국,5미,kg,6.4,,17500,17500,17500,https://www.susansijang.co.kr/nsis/miw/ko/info/miw3110
2026-07-10,noryangjin,노량진수산물도매시장,참돔,참돔,(활)참돔,활,통영,4/5미,kg,54,,11000,7000,9500,https://www.susansijang.co.kr/nsis/miw/ko/info/miw3110
2026-07-10,noryangjin,노량진수산물도매시장,참돔,참돔,(활)참돔,활,일본,4/5미,kg,113.4,,24000,17000,20600,https://www.susansijang.co.kr/nsis/miw/ko/info/miw3110
2026-07-10,noryangjin,노량진수산물도매시장,참돔,참돔,(활)참돔,활,일본,5미,kg,110.3,,13000,12000,12500,https://www.susansijang.co.kr/nsis/miw/ko/info/miw3110
2026-07-10,noryangjin,노량진수산물도매시장,참돔,참돔,(활)참돔,활,일본,1/2미,kg,6.4,,15000,15000,15000,https://www.susansijang.co.kr/nsis/miw/ko/info/miw3110
2026-07-10,noryangjin,노량진수산물도매시장,참돔,참돔,(선)참돔,선,일본,3미,kg,5.3,,5500,5500,5500,https://www.susansijang.co.kr/nsis/miw/ko/info/miw3110
2026-07-10,noryangjin,노량진수산물도매시장,참돔,참돔,(선)참돔,선,일본,3/4미,kg,40,,6000,6000,6000,https://www.susansijang.co.kr/nsis/miw/ko/info/miw3110
2026-07-10,noryangjin,노량진수산물도매시장,,혹돔,(활)혹돔,활,통영,1/2미,kg,11.6,,10000,10000,10000,https://www.susansijang.co.kr/nsis/miw/ko/info/miw3110
2026-07-10,noryangjin,노량진수산물도매시장,참돔,돔,(활)돔,활,중국,7미,kg,14.3,,10000,10000,10000,https://www.susansijang.co.kr/nsis/miw/ko/info/miw3110
2026-07-10,noryangjin,노량진수산물도매시장,,딱돔,(선)딱돔,선,중국,3미,kg,2.4,,1000,1000,1000,https://www.susansijang.co.kr/nsis/miw/ko/info/miw3110
2026-07-10,noryangjin,노량진수산물도매시장,참돔,참돔,(활)참돔,활,완도,2미,kg,5,,15000,15000,15000,https://www.susansijang.co.kr/nsis/miw/ko/info/miw3110
2026-07-10,noryangjin,노량진수산물도매시장,참돔,참돔,(활)참돔,활,일본,7미,kg,80,,19500,19500,19500,https://www.susansijang.co.kr/nsis/miw/ko/info/miw3110
2026-07-10,noryangjin,노량진수산물도매시장,참돔,참돔,(활)참돔,활,일본,3/4미,kg,1021.6,,23000,11000,17000,https://www.susansijang.co.kr/nsis/miw/ko/info/miw3110
2026-07-10,noryangjin,노량진수산물도매시장,참돔,참돔,(선)참돔,선,완도,15미,kg,12.7,,4000,4000,4000,https://www.susansijang.co.kr/nsis/miw/ko/info/miw3110
2026-07-10,noryangjin,노량진수산물도매시장,참돔,참돔,(선)참돔,선,완도,3/4미,kg,32.5,,4000,4000,4000,https://www.susansijang.co.kr/nsis/miw/ko/info/miw3110
2026-07-10,noryangjin,노량진수산물도매시장,참돔,참돔,(선)참돔,선,일본,1미,kg,4.7,,11000,9000,10600,https://www.susansijang.co.kr/nsis/miw/ko/info/miw3110
2026-07-10,noryangjin,노량진수산물도매시장,참돔,돔,(활)돔,활,중국,8미,kg,27.7,,8000,3000,5700,https://www.susansijang.co.kr/nsis/miw/ko/info/miw3110
2026-07-10,noryangjin,노량진수산물도매시장,,연자돔,(선)연자돔,선,제주도,20/21미,S/P,6,,105000,105000,105000,https://www.susansijang.co.kr/nsis/miw/ko/info/miw3110
2026-07-10,noryangjin,노량진수산물도매시장,돌돔,줄돔,(활)줄돔,활,일본,1/2미,kg,1.1,,11000,11000,11000,https://www.susansijang.co.kr/nsis/miw/ko/info/miw3110
2026-07-10,noryangjin,노량진수산물도매시장,참돔,참돔,(활)참돔,활,통영,3미,kg,4,,3000,3000,3000,https://www.susansijang.co.kr/nsis/miw/ko/info/miw3110
2026-07-10,noryangjin,노량진수산물도매시장,참돔,참돔,(활)참돔,활,일본,4미,kg,365.1,,22000,10500,16200,https://www.susansijang.co.kr/nsis/miw/ko/info/miw3110
2026-07-10,noryangjin,노량진수산물도매시장,참돔,참돔,(선)참돔,선,일본,2/3미,kg,11.9,,10000,10000,10000,https://www.susansijang.co.kr/nsis/miw/ko/info/miw3110
2026-07-10,noryangjin,노량진수산물도매시장,참돔,참돔,(선)참돔,선,완도,5미,S/P,1,,22500,22500,22500,https://www.susansijang.co.kr/nsis/miw/ko/info/miw3110
2026-07-10,noryangjin,노량진수산물도매시장,참돔,참돔,(선)참돔,선,일본,5미,kg,12,,5000,5000,5000,https://www.susansijang.co.kr/nsis/miw/ko/info/miw3110
2026-07-10,noryangjin,노량진수산물도매시장,참돔,참돔,(활)참돔,활,일본,2미,kg,7.6,,22000,15000,17900,https://www.susansijang.co.kr/nsis/miw/ko/info/miw3110
2026-07-10,noryangjin,노량진수산물도매시장,참돔,참돔,(활)참돔,활,일본,1미,kg,2.4,,7000,7000,7000,https://www.susansijang.co.kr/nsis/miw/ko/info/miw3110
2026-07-10,noryangjin,노량진수산물도매시장,참돔,참돔,(활)참돔,활,일본,6미,kg,51.3,,12000,12000,12000,https://www.susansijang.co.kr/nsis/miw/ko/info/miw3110
2026-07-10,noryangjin,노량진수산물도매시장,참돔,참돔,(선)참돔,선,완도,1미,kg,2,,15000,15000,15000,https://www.susansijang.co.kr/nsis/miw/ko/info/miw3110
2026-07-10,noryangjin,노량진수산물도매시장,참돔,참돔,(선)참돔,선,일본,4미,kg,117,,9000,1000,4700,https://www.susansijang.co.kr/nsis/miw/ko/info/miw3110
2026-07-10,noryangjin,노량진수산물도매시장,,동죽,(활)동죽,활,태안,대,box,7,,45300,40200,42100,https://www.susansijang.co.kr/nsis/miw/ko/info/miw3110
2026-07-10,noryangjin,노량진수산물도매시장,,만디,(선)만디,선,삼천포,소,box,10,,4000,4000,4000,https://www.susansijang.co.kr/nsis/miw/ko/info/miw3110
2026-07-10,noryangjin,노량진수산물도매시장,,만디,(선)만디,선,마산,2봉,box,5,,5600,5600,5600,https://www.susansijang.co.kr/nsis/miw/ko/info/miw3110
2026-07-10,noryangjin,노량진수산물도매시장,,만디,(선)만디,선,마산,소,box,87,,5000,3700,4300,https://www.susansijang.co.kr/nsis/miw/ko/info/miw3110
2026-07-10,noryangjin,노량진수산물도매시장,,말백합,(활)말백합,활,강화,중,그물망,27,,47800,46300,46700,https://www.susansijang.co.kr/nsis/miw/ko/info/miw3110
2026-07-10,noryangjin,노량진수산물도매시장,,명태포,(냉)명태포,냉,러시아,12/15,CT/(BT),40,,89700,89700,89700,https://www.susansijang.co.kr/nsis/miw/ko/info/miw3110
2026-07-10,noryangjin,노량진수산물도매시장,,무늬오징어,(선)무늬오징어,선,포항,10미,S/P,20,,67900,67900,67900,https://www.susansijang.co.kr/nsis/miw/ko/info/miw3110
2026-07-10,noryangjin,노량진수산물도매시장,,무늬오징어,(선)무늬오징어,선,포항,10미,kg,12.7,,43000,43000,43000,https://www.susansijang.co.kr/nsis/miw/ko/info/miw3110
2026-07-10,noryangjin,노량진수산물도매시장,,무늬오징어,(선)무늬오징어,선,포항,5미,S/P,13,,80000,77500,78800,https://www.susansijang.co.kr/nsis/miw/ko/info/miw3110
2026-07-10,noryangjin,노량진수산물도매시장,,무점매가리,(활)무점매가리,활,중국,9미,kg,6,,9000,9000,9000,https://www.susansijang.co.kr/nsis/miw/ko/info/miw3110
2026-07-10,noryangjin,노량진수산물도매시장,,무점매가리,(활)무점매가리,활,중국,5미,kg,7.2,,14000,14000,14000,https://www.susansijang.co.kr/nsis/miw/ko/info/miw3110
2026-07-10,noryangjin,노량진수산물도매시장,,무점매가리,(활)무점매가리,활,중국,6미,kg,7.9,,13000,13000,13000,https://www.susansijang.co.kr/nsis/miw/ko/info/miw3110
2026-07-10,noryangjin,노량진수산물도매시장,,무점매가리,(활)무점매가리,활,중국,2/3미,kg,88.4,,22000,5000,14500,https://www.susansijang.co.kr/nsis/miw/ko/info/miw3110
2026-07-10,noryangjin,노량진수산물도매시장,,무점매가리,(활)무점매가리,활,중국,3미,kg,3,,6000,6000,6000,https://www.susansijang.co.kr/nsis/miw/ko/info/miw3110
2026-07-10,noryangjin,노량진수산물도매시장,,무점매가리,(선)무점매가리,선,중국,14/15미,kg,15.5,,6000,6000,6000,https://www.susansijang.co.kr/nsis/miw/ko/info/miw3110
2026-07-10,noryangjin,노량진수산물도매시장,,무점매가리,(선)무점매가리,선,중국,7미,kg,21.9,,7500,4500,6400,https://www.susansijang.co.kr/nsis/miw/ko/info/miw3110
2026-07-10,noryangjin,노량진수산물도매시장,,무점매가리,(선)무점매가리,선,중국,1미,kg,1,,5000,5000,5000,https://www.susansijang.co.kr/nsis/miw/ko/info/miw3110
2026-07-10,noryangjin,노량진수산물도매시장,,문어,(선)문어,선,여수,중,box,1,,50100,50100,50100,https://www.susansijang.co.kr/nsis/miw/ko/info/miw3110
2026-07-10,noryangjin,노량진수산물도매시장,,물바지락,(활)물바지락,활,마산,대,box,5,,45500,45300,45400,https://www.susansijang.co.kr/nsis/miw/ko/info/miw3110
2026-07-10,noryangjin,노량진수산물도매시장,,물바지락,(활)물바지락,활,삼천포,1봉,box,2,,28000,18100,23100,https://www.susansijang.co.kr/nsis/miw/ko/info/miw3110
2026-07-10,noryangjin,노량진수산물도매시장,,물바지락,(활)물바지락,활,삼천포,2봉,box,34,,54100,38800,45100,https://www.susansijang.co.kr/nsis/miw/ko/info/miw3110
2026-07-10,noryangjin,노량진수산물도매시장,,물바지락,(활)물바지락,활,여수,2봉,box,81,,48600,25000,30400,https://www.susansijang.co.kr/nsis/miw/ko/info/miw3110
2026-07-10,noryangjin,노량진수산물도매시장,,미더덕,(선)미더덕,선,마산,소,box,25,,12000,6600,9300,https://www.susansijang.co.kr/nsis/miw/ko/info/miw3110
2026-07-10,noryangjin,노량진수산물도매시장,,미더덕,(선)미더덕,선,통영,소,box,3,,7000,7000,7000,https://www.susansijang.co.kr/nsis/miw/ko/info/miw3110
2026-07-10,noryangjin,노량진수산물도매시장,민어,민어,(활)민어,활,진도,1미,kg,4.5,,57000,57000,57000,https://www.susansijang.co.kr/nsis/miw/ko/info/miw3110
2026-07-10,noryangjin,노량진수산물도매시장,민어,민어,(활)민어,활,목포,1/2미,kg,1.7,,33000,33000,33000,https://www.susansijang.co.kr/nsis/miw/ko/info/miw3110
2026-07-10,noryangjin,노량진수산물도매시장,민어,민어,(선)민어,선,완도,5미,S/P,1,,451000,451000,451000,https://www.susansijang.co.kr/nsis/miw/ko/info/miw3110
2026-07-10,noryangjin,노량진수산물도매시장,민어,민어,(선)민어,선,완도,3미,S/P,1,,76200,76200,76200,https://www.susansijang.co.kr/nsis/miw/ko/info/miw3110
2026-07-10,noryangjin,노량진수산물도매시장,민어,민어,(선)민어,선,군산,5미,S/P,4.6,,20000,20000,20000,https://www.susansijang.co.kr/nsis/miw/ko/info/miw3110
2026-07-10,noryangjin,노량진수산물도매시장,민어,민어,(선)민어,선,목포,중,kg,40.9,,40000,30000,38600,https://www.susansijang.co.kr/nsis/miw/ko/info/miw3110
2026-07-10,noryangjin,노량진수산물도매시장,민어,민어,(선)민어,선,중국,1미,kg,3.4,,3000,3000,3000,https://www.susansijang.co.kr/nsis/miw/ko/info/miw3110
2026-07-10,noryangjin,노량진수산물도매시장,민어,민어,(선)민어,선,대천,1미,kg,20.2,,45000,45000,45000,https://www.susansijang.co.kr/nsis/miw/ko/info/miw3110
2026-07-10,noryangjin,노량진수산물도매시장,민어,민어,(선)민어,선,완도,7미,S/P,2,,675000,645000,660000,https://www.susansijang.co.kr/nsis/miw/ko/info/miw3110
2026-07-10,noryangjin,노량진수산물도매시장,민어,민어,(선)민어,선,제주도,3미,kg,14.5,,35000,35000,35000,https://www.susansijang.co.kr/nsis/miw/ko/info/miw3110
2026-07-10,noryangjin,노량진수산물도매시장,민어,민어,(활)민어,활,고흥,1미,kg,38.7,,62000,48000,51900,https://www.susansijang.co.kr/nsis/miw/ko/info/miw3110
2026-07-10,noryangjin,노량진수산물도매시장,민어,민어,(활)민어,활,대천,1미,kg,5.5,,40000,32000,37100,https://www.susansijang.co.kr/nsis/miw/ko/info/miw3110
2026-07-10,noryangjin,노량진수산물도매시장,민어,민어,(활)민어,활,목포,1미,kg,115.7,,67000,37000,54600,https://www.susansijang.co.kr/nsis/miw/ko/info/miw3110
2026-07-10,noryangjin,노량진수산물도매시장,민어,민어,(선)민어,선,완도,1미,kg,73.3,,40000,13000,34900,https://www.susansijang.co.kr/nsis/miw/ko/info/miw3110
2026-07-10,noryangjin,노량진수산물도매시장,민어,민어,(선)민어,선,나로도,3미,kg,5.7,,27000,27000,27000,https://www.susansijang.co.kr/nsis/miw/ko/info/miw3110
2026-07-10,noryangjin,노량진수산물도매시장,민어,민어,(선)민어,선,목포,13미,kg,49.5,,26000,26000,26000,https://www.susansijang.co.kr/nsis/miw/ko/info/miw3110
2026-07-10,noryangjin,노량진수산물도매시장,민어,민어,(선)민어,선,목포,1미,kg,62.5,,42000,25000,37800,https://www.susansijang.co.kr/nsis/miw/ko/info/miw3110
2026-07-10,noryangjin,노량진수산물도매시장,민어,민어,(선)민어,선,나로도,5미,kg,3.7,,25000,25000,25000,https://www.susansijang.co.kr/nsis/miw/ko/info/miw3110
2026-07-10,noryangjin,노량진수산물도매시장,민어,민어,(선)민어,선,중국,4미,kg,10.5,,5000,5000,5000,https://www.susansijang.co.kr/nsis/miw/ko/info/miw3110
2026-07-10,noryangjin,노량진수산물도매시장,민어,민어,(선)민어,선,완도,5미,kg,1.8,,10000,10000,10000,https://www.susansijang.co.kr/nsis/miw/ko/info/miw3110
2026-07-10,noryangjin,노량진수산물도매시장,민어,민어,(활)민어,활,완도,1/2미,kg,2.3,,24000,24000,24000,https://www.susansijang.co.kr/nsis/miw/ko/info/miw3110
2026-07-10,noryangjin,노량진수산물도매시장,민어,민어,(활)민어,활,완도,1미,kg,471.7,,67000,32000,54400,https://www.susansijang.co.kr/nsis/miw/ko/info/miw3110
2026-07-10,noryangjin,노량진수산물도매시장,민어,민어,(선)민어,선,군산,7미,S/P,6.7,,23000,23000,23000,https://www.susansijang.co.kr/nsis/miw/ko/info/miw3110
2026-07-10,noryangjin,노량진수산물도매시장,민어,민어,(선)민어,선,목포,1미,S/P,1.4,,15000,15000,15000,https://www.susansijang.co.kr/nsis/miw/ko/info/miw3110
2026-07-10,noryangjin,노량진수산물도매시장,민어,민어,(선)민어,선,목포,3미,kg,10,,35000,35000,35000,https://www.susansijang.co.kr/nsis/miw/ko/info/miw3110
2026-07-10,noryangjin,노량진수산물도매시장,민어,민어,(선)민어,선,목포,11미,kg,12.5,,26000,26000,26000,https://www.susansijang.co.kr/nsis/miw/ko/info/miw3110
2026-07-10,noryangjin,노량진수산물도매시장,민어,민어,(선)민어,선,고흥,1미,kg,5.2,,40000,40000,40000,https://www.susansijang.co.kr/nsis/miw/ko/info/miw3110
2026-07-10,noryangjin,노량진수산물도매시장,,바다가재,(활)바다가재,활,미국,10/15미,kg,56.3,,33500,20000,30300,https://www.susansijang.co.kr/nsis/miw/ko/info/miw3110
2026-07-10,noryangjin,노량진수산물도매시장,,바다가재,(선)바다가재,선,캐나다,10/15미,kg,9.8,,8000,1000,6700,https://www.susansijang.co.kr/nsis/miw/ko/info/miw3110
2026-07-10,noryangjin,노량진수산물도매시장,,바다가재,(선)바다가재,선,캐나다,1미,kg,2,,14500,14500,14500,https://www.susansijang.co.kr/nsis/miw/ko/info/miw3110
2026-07-10,noryangjin,노량진수산물도매시장,,바다가재,(냉)바다가재,냉,캐나다,10/15미,kg,31.6,,9000,2000,8300,https://www.susansijang.co.kr/nsis/miw/ko/info/miw3110
2026-07-10,noryangjin,노량진수산물도매시장,방어,방어,(선)방어,선,남해,3미,kg,10.2,,3000,3000,3000,https://www.susansijang.co.kr/nsis/miw/ko/info/miw3110
2026-07-10,noryangjin,노량진수산물도매시장,방어,방어,(선)방어,선,일본,1미,kg,6.8,,16000,16000,16000,https://www.susansijang.co.kr/nsis/miw/ko/info/miw3110
2026-07-10,noryangjin,노량진수산물도매시장,,잿방어,(활)잿방어,활,일본,1미,kg,708.6,,30000,10000,21400,https://www.susansijang.co.kr/nsis/miw/ko/info/miw3110
2026-07-10,noryangjin,노량진수산물도매시장,,잿방어,(활)잿방어,활,일본,3미,kg,22.8,,6000,6000,6000,https://www.susansijang.co.kr/nsis/miw/ko/info/miw3110
2026-07-10,noryangjin,노량진수산물도매시장,,잿방어,(활)잿방어,활,일본,2미,kg,63.6,,29000,6000,22800,https://www.susansijang.co.kr/nsis/miw/ko/info/miw3110
2026-07-10,noryangjin,노량진수산물도매시장,,잿방어,(선)잿방어,선,일본,1미,kg,20.2,,22000,22000,22000,https://www.susansijang.co.kr/nsis/miw/ko/info/miw3110
2026-07-10,noryangjin,노량진수산물도매시장,,잿방어,(선)잿방어,선,일본,2/3미,kg,20,,8000,8000,8000,https://www.susansijang.co.kr/nsis/miw/ko/info/miw3110
2026-07-10,noryangjin,노량진수산물도매시장,,백조기,(선)백조기,선,나로도,10/20미,S/P,46,,26000,22000,24200,https://www.susansijang.co.kr/nsis/miw/ko/info/miw3110
2026-07-10,noryangjin,노량진수산물도매시장,,백조기,(선)백조기,선,나로도,5/10미,S/P,2,,20000,20000,20000,https://www.susansijang.co.kr/nsis/miw/ko/info/miw3110
2026-07-10,noryangjin,노량진수산물도매시장,,백합,(활)백합,활,인천,중,그물망,38,,36000,21100,29400,https://www.susansijang.co.kr/nsis/miw/ko/info/miw3110
2026-07-10,noryangjin,노량진수산물도매시장,,백합,(활)백합,활,강화,중,그물망,1,,72500,72500,72500,https://www.susansijang.co.kr/nsis/miw/ko/info/miw3110
2026-07-10,noryangjin,노량진수산물도매시장,,백합,(활)백합,활,군산,중,그물망,2,,60000,56500,58300,https://www.susansijang.co.kr/nsis/miw/ko/info/miw3110
2026-07-10,noryangjin,노량진수산물도매시장,,벤자리,(활)벤자리,활,일본,8미,kg,42.1,,40000,40000,40000,https://www.susansijang.co.kr/nsis/miw/ko/info/miw3110
2026-07-10,noryangjin,노량진수산물도매시장,,벤자리,(선)벤자리,선,제주도,20/30미,S/P,1,,30000,30000,30000,https://www.susansijang.co.kr/nsis/miw/ko/info/miw3110
2026-07-10,noryangjin,노량진수산물도매시장,병어,병어,(선)병어,선,군산,10미,미(마리),10,,2500,2500,2500,https://www.susansijang.co.kr/nsis/miw/ko/info/miw3110
2026-07-10,noryangjin,노량진수산물도매시장,병어,병어,(선)병어,선,나로도,5/10미,S/P,28,,135000,55000,93000,https://www.susansijang.co.kr/nsis/miw/ko/info/miw3110
2026-07-10,noryangjin,노량진수산물도매시장,병어,병어,(선)병어,선,군산,6미,kg,25.5,,36000,36000,36000,https://www.susansijang.co.kr/nsis/miw/ko/info/miw3110
2026-07-10,noryangjin,노량진수산물도매시장,병어,병어,(선)병어,선,군산,1미,kg,29.7,,38000,18000,35600,https://www.susansijang.co.kr/nsis/miw/ko/info/miw3110
2026-07-10,noryangjin,노량진수산물도매시장,병어,병어,(선)병어,선,군산,3미,kg,20.4,,33000,7500,13000,https://www.susansijang.co.kr/nsis/miw/ko/info/miw3110
2026-07-10,noryangjin,노량진수산물도매시장,병어,병어,(선)병어,선,완도,5미,S/P,3,,348000,299700,331900,https://www.susansijang.co.kr/nsis/miw/ko/info/miw3110
2026-07-10,noryangjin,노량진수산물도매시장,병어,병어,(선)병어,선,군산,8미,미(마리),72,,6500,2500,4200,https://www.susansijang.co.kr/nsis/miw/ko/info/miw3110
2026-07-10,noryangjin,노량진수산물도매시장,,복어,(냉)복어,냉,흑산도,10/20미,S/P,46,,18000,18000,18000,https://www.susansijang.co.kr/nsis/miw/ko/info/miw3110
2026-07-10,noryangjin,노량진수산물도매시장,,볼락,(선)볼락,선,완도,1미,kg,6,,10000,10000,10000,https://www.susansijang.co.kr/nsis/miw/ko/info/miw3110
2026-07-10,noryangjin,노량진수산물도매시장,,볼락,(선)볼락,선,완도,10/20미,kg,6,,10000,10000,10000,https://www.susansijang.co.kr/nsis/miw/ko/info/miw3110
2026-07-10,noryangjin,노량진수산물도매시장,,봉바지락,(활)봉바지락,활,태안,20봉,box,4,,12300,12300,12300,https://www.susansijang.co.kr/nsis/miw/ko/info/miw3110
2026-07-10,noryangjin,노량진수산물도매시장,,부시리,(활)부시리,활,통영,2/3미,kg,117.1,,14000,14000,14000,https://www.susansijang.co.kr/nsis/miw/ko/info/miw3110
2026-07-10,noryangjin,노량진수산물도매시장,,부시리,(활)부시리,활,통영,4미,kg,9.3,,14500,14500,14500,https://www.susansijang.co.kr/nsis/miw/ko/info/miw3110
2026-07-10,noryangjin,노량진수산물도매시장,,부시리,(활)부시리,활,통영,3미,kg,187.1,,14500,6000,14200,https://www.susansijang.co.kr/nsis/miw/ko/info/miw3110
2026-07-10,noryangjin,노량진수산물도매시장,,부시리,(활)부시리,활,통영,1미,kg,39.1,,17000,7000,12400,https://www.susansijang.co.kr/nsis/miw/ko/info/miw3110
2026-07-10,noryangjin,노량진수산물도매시장,,부시리,(활)부시리,활,통영,2미,kg,224.9,,17000,14000,14800,https://www.susansijang.co.kr/nsis/miw/ko/info/miw3110
2026-07-10,noryangjin,노량진수산물도매시장,,부시리,(선)부시리,선,여수,1미,kg,20.7,,7000,7000,7000,https://www.susansijang.co.kr/nsis/miw/ko/info/miw3110
2026-07-10,noryangjin,노량진수산물도매시장,,분홍새우,(선)분홍새우,선,속초,100미,S/P,23,,71000,40000,57300,https://www.susansijang.co.kr/nsis/miw/ko/info/miw3110
2026-07-10,noryangjin,노량진수산물도매시장,,분홍새우,(선)분홍새우,선,속초,150미,S/P,1,,25000,25000,25000,https://www.susansijang.co.kr/nsis/miw/ko/info/miw3110
2026-07-10,noryangjin,노량진수산물도매시장,,분홍새우,(선)분홍새우,선,속초,120미,S/P,60,,75000,20000,46300,https://www.susansijang.co.kr/nsis/miw/ko/info/miw3110
2026-07-10,noryangjin,노량진수산물도매시장,,붉바리,(활)붉바리,활,고흥,6미,kg,4.3,,40000,40000,40000,https://www.susansijang.co.kr/nsis/miw/ko/info/miw3110
2026-07-10,noryangjin,노량진수산물도매시장,,붉바리,(활)붉바리,활,고흥,1미,kg,5.2,,110000,102000,106300,https://www.susansijang.co.kr/nsis/miw/ko/info/miw3110
2026-07-10,noryangjin,노량진수산물도매시장,,붉바리,(활)붉바리,활,고흥,4미,kg,6.8,,45000,45000,45000,https://www.susansijang.co.kr/nsis/miw/ko/info/miw3110
2026-07-10,noryangjin,노량진수산물도매시장,,붉바리,(활)붉바리,활,고흥,3미,kg,31,,73000,45000,61200,https://www.susansijang.co.kr/nsis/miw/ko/info/miw3110
2026-07-10,noryangjin,노량진수산물도매시장,,붉바리,(활)붉바리,활,고흥,5미,kg,25.6,,40000,25000,37000,https://www.susansijang.co.kr/nsis/miw/ko/info/miw3110
2026-07-10,noryangjin,노량진수산물도매시장,,붉바리,(활)붉바리,활,고흥,2미,kg,11.9,,83000,9000,70300,https://www.susansijang.co.kr/nsis/miw/ko/info/miw3110
2026-07-10,noryangjin,노량진수산물도매시장,붕장어,붕장어,(활)붕장어,활,통영,1미,kg,145.9,,9500,9000,9200,https://www.susansijang.co.kr/nsis/miw/ko/info/miw3110
2026-07-10,noryangjin,노량진수산물도매시장,붕장어,붕장어,(활)붕장어,활,통영,1/2미,kg,12.1,,9500,9500,9500,https://www.susansijang.co.kr/nsis/miw/ko/info/miw3110
2026-07-10,noryangjin,노량진수산물도매시장,,삼치,(선)삼치,선,여수,13미,kg,42.7,,12000,12000,12000,https://www.susansijang.co.kr/nsis/miw/ko/info/miw3110
2026-07-10,noryangjin,노량진수산물도매시장,,삼치,(선)삼치,선,포항,15미,kg,60,,15000,15000,15000,https://www.susansijang.co.kr/nsis/miw/ko/info/miw3110
2026-07-10,noryangjin,노량진수산물도매시장,,삼치,(선)삼치,선,포항,8미,S/P,4,,185900,185900,185900,https://www.susansijang.co.kr/nsis/miw/ko/info/miw3110
2026-07-10,noryangjin,노량진수산물도매시장,,삼치,(선)삼치,선,포항,5미,S/P,11,,120000,93500,109100,https://www.susansijang.co.kr/nsis/miw/ko/info/miw3110
2026-07-10,noryangjin,노량진수산물도매시장,,삼치,(선)삼치,선,축산,3미,S/P,6.3,,7000,7000,7000,https://www.susansijang.co.kr/nsis/miw/ko/info/miw3110
2026-07-10,noryangjin,노량진수산물도매시장,,삼치,(선)삼치,선,강구,5미,S/P,5,,220000,220000,220000,https://www.susansijang.co.kr/nsis/miw/ko/info/miw3110
2026-07-10,noryangjin,노량진수산물도매시장,,삼치,(선)삼치,선,강구,6미,S/P,21,,250000,128000,188900,https://www.susansijang.co.kr/nsis/miw/ko/info/miw3110
2026-07-10,noryangjin,노량진수산물도매시장,,삼치,(선)삼치,선,축산,5미,S/P,128.3,,13000,13000,13000,https://www.susansijang.co.kr/nsis/miw/ko/info/miw3110
2026-07-10,noryangjin,노량진수산물도매시장,,삼치,(선)삼치,선,강구,4미,S/P,2,,250000,250000,250000,https://www.susansijang.co.kr/nsis/miw/ko/info/miw3110
2026-07-10,noryangjin,노량진수산물도매시장,,삼치,(선)삼치,선,여수,24미,kg,85,,12000,12000,12000,https://www.susansijang.co.kr/nsis/miw/ko/info/miw3110
2026-07-10,noryangjin,노량진수산물도매시장,,삼치,(선)삼치,선,통영,5미,kg,10.3,,8500,8500,8500,https://www.susansijang.co.kr/nsis/miw/ko/info/miw3110
2026-07-10,noryangjin,노량진수산물도매시장,,삼치,(선)삼치,선,여수,6미,kg,18.9,,12000,12000,12000,https://www.susansijang.co.kr/nsis/miw/ko/info/miw3110
2026-07-10,noryangjin,노량진수산물도매시장,,삼치,(선)삼치,선,포항,4미,kg,33.5,,15000,15000,15000,https://www.susansijang.co.kr/nsis/miw/ko/info/miw3110
2026-07-10,noryangjin,노량진수산물도매시장,,삼치,(선)삼치,선,축산,3미,kg,2.3,,4000,4000,4000,https://www.susansijang.co.kr/nsis/miw/ko/info/miw3110
2026-07-10,noryangjin,노량진수산물도매시장,,삼치,(선)삼치,선,포항,4미,S/P,6,,246500,139000,228600,https://www.susansijang.co.kr/nsis/miw/ko/info/miw3110
2026-07-10,noryangjin,노량진수산물도매시장,,삼치,(선)삼치,선,축산,4미,S/P,10.5,,10500,10500,10500,https://www.susansijang.co.kr/nsis/miw/ko/info/miw3110
2026-07-10,noryangjin,노량진수산물도매시장,,삼치,(선)삼치,선,강구,3미,S/P,1,,61000,61000,61000,https://www.susansijang.co.kr/nsis/miw/ko/info/miw3110
2026-07-10,noryangjin,노량진수산물도매시장,,삼치,(선)삼치,선,여수,41미,kg,144,,12000,12000,12000,https://www.susansijang.co.kr/nsis/miw/ko/info/miw3110
2026-07-10,noryangjin,노량진수산물도매시장,,삼치,(선)삼치,선,통영,4미,kg,14.9,,10000,10000,10000,https://www.susansijang.co.kr/nsis/miw/ko/info/miw3110
2026-07-10,noryangjin,노량진수산물도매시장,,삼치,(선)삼치,선,포항,10미,kg,53.5,,15000,15000,15000,https://www.susansijang.co.kr/nsis/miw/ko/info/miw3110
2026-07-10,noryangjin,노량진수산물도매시장,,새꼬막,(활)새꼬막,활,순천,대,box,5,,45500,45100,45400,https://www.susansijang.co.kr/nsis/miw/ko/info/miw3110
2026-07-10,noryangjin,노량진수산물도매시장,,소라,(활)소라,활,화성,중,그물망,53,,96500,41100,77600,https://www.susansijang.co.kr/nsis/miw/ko/info/miw3110
2026-07-10,noryangjin,노량진수산물도매시장,,수꽃게,(냉)수꽃게,냉,서산,중,S/P,18.7,,500,500,500,https://www.susansijang.co.kr/nsis/miw/ko/info/miw3110
2026-07-10,noryangjin,노량진수산물도매시장,,아귀,(냉)아귀,냉,중국,5미,CT/(BT),10,,69500,69500,69500,https://www.susansijang.co.kr/nsis/miw/ko/info/miw3110
2026-07-10,noryangjin,노량진수산물도매시장,,오징어,(선)오징어,선,태안,25미,S/P,142,,55500,54500,54600,https://www.susansijang.co.kr/nsis/miw/ko/info/miw3110
2026-07-10,noryangjin,노량진수산물도매시장,,오징어,(선)오징어,선,흑산도,25미,S/P,70,,57000,57000,57000,https://www.susansijang.co.kr/nsis/miw/ko/info/miw3110
2026-07-10,noryangjin,노량진수산물도매시장,,오징어,(선)오징어,선,군산,20미,S/P,37,,55000,53000,54100,https://www.susansijang.co.kr/nsis/miw/ko/info/miw3110
2026-07-10,noryangjin,노량진수산물도매시장,,오징어,(선)오징어,선,흑산도,20미,S/P,46,,62000,62000,62000,https://www.susansijang.co.kr/nsis/miw/ko/info/miw3110
2026-07-10,noryangjin,노량진수산물도매시장,,오징어,(선)오징어,선,흑산도,30미,S/P,3,,47000,47000,47000,https://www.susansijang.co.kr/nsis/miw/ko/info/miw3110
2026-07-10,noryangjin,노량진수산물도매시장,,오징어,(선)오징어,선,군산,25미,S/P,20,,41000,38000,40100,https://www.susansijang.co.kr/nsis/miw/ko/info/miw3110
2026-07-10,noryangjin,노량진수산물도매시장,,오징어,(냉)오징어,냉,아르헨티나,300/400,PAN(펜),20,,106000,106000,106000,https://www.susansijang.co.kr/nsis/miw/ko/info/miw3110
2026-07-10,noryangjin,노량진수산물도매시장,,오징어,(냉)오징어,냉,(원양)포클랜드,2L,PAN(펜),10,,204800,204800,204800,https://www.susansijang.co.kr/nsis/miw/ko/info/miw3110
2026-07-10,noryangjin,노량진수산물도매시장,,왕게,(활)왕게,활,러시아,10/15미,kg,936,,93000,2000,64000,https://www.susansijang.co.kr/nsis/miw/ko/info/miw3110
2026-07-10,noryangjin,노량진수산물도매시장,,왕게,(선)왕게,선,일본,10/15미,kg,198.3,,20000,1000,11200,https://www.susansijang.co.kr/nsis/miw/ko/info/miw3110
2026-07-10,noryangjin,노량진수산물도매시장,,왕게,(선)왕게,선,러시아,10/15미,kg,308.8,,42500,3000,13800,https://www.susansijang.co.kr/nsis/miw/ko/info/miw3110
2026-07-10,noryangjin,노량진수산물도매시장,,왕게,(냉)왕게,냉,일본,10/15미,kg,82.7,,5500,500,4700,https://www.susansijang.co.kr/nsis/miw/ko/info/miw3110
2026-07-10,noryangjin,노량진수산물도매시장,우럭,우럭,(활)우럭,활,통영,5미,kg,14.2,,11000,6000,9700,https://www.susansijang.co.kr/nsis/miw/ko/info/miw3110
2026-07-10,noryangjin,노량진수산물도매시장,우럭,우럭,(활)우럭,활,통영,3미,kg,2.3,,5000,5000,5000,https://www.susansijang.co.kr/nsis/miw/ko/info/miw3110
2026-07-10,noryangjin,노량진수산물도매시장,우럭,우럭,(활)우럭,활,통영,4미,kg,10.1,,17000,10000,13700,https://www.susansijang.co.kr/nsis/miw/ko/info/miw3110
2026-07-10,noryangjin,노량진수산물도매시장,우럭,우럭,(활)우럭,활,통영,6미,kg,16.8,,9000,6000,7200,https://www.susansijang.co.kr/nsis/miw/ko/info/miw3110
2026-07-10,noryangjin,노량진수산물도매시장,,우럭조개,(활)우럭조개,활,통영,11미,box,11,,21000,21000,21000,https://www.susansijang.co.kr/nsis/miw/ko/info/miw3110
2026-07-10,noryangjin,노량진수산물도매시장,,우럭조개,(활)우럭조개,활,통영,10미,box,20,,23300,23300,23300,https://www.susansijang.co.kr/nsis/miw/ko/info/miw3110
2026-07-10,noryangjin,노량진수산물도매시장,,우럭조개,(활)우럭조개,활,통영,9미,box,18,,22000,22000,22000,https://www.susansijang.co.kr/nsis/miw/ko/info/miw3110
2026-07-10,noryangjin,노량진수산물도매시장,,우럭조개,(활)우럭조개,활,통영,7미,box,7,,27600,27600,27600,https://www.susansijang.co.kr/nsis/miw/ko/info/miw3110
2026-07-10,noryangjin,노량진수산물도매시장,,우럭조개,(활)우럭조개,활,통영,8미,box,16,,24500,24500,24500,https://www.susansijang.co.kr/nsis/miw/ko/info/miw3110
2026-07-10,noryangjin,노량진수산물도매시장,,우럭조개,(활)우럭조개,활,통영,12미,box,24,,20000,20000,20000,https://www.susansijang.co.kr/nsis/miw/ko/info/miw3110
2026-07-10,noryangjin,노량진수산물도매시장,,임연수어,(냉)임연수어,냉,러시아,L,PAN(펜),10,,92700,92700,92700,https://www.susansijang.co.kr/nsis/miw/ko/info/miw3110
2026-07-10,noryangjin,노량진수산물도매시장,,임연수어,(냉)임연수어,냉,러시아,2L,PAN(펜),10,,84300,84300,84300,https://www.susansijang.co.kr/nsis/miw/ko/info/miw3110
2026-07-10,noryangjin,노량진수산물도매시장,,자바리,(활)자바리,활,중국,2미,kg,20.4,,13000,13000,13000,https://www.susansijang.co.kr/nsis/miw/ko/info/miw3110
2026-07-10,noryangjin,노량진수산물도매시장,,자바리,(활)자바리,활,중국,3미,kg,70,,21000,19000,20100,https://www.susansijang.co.kr/nsis/miw/ko/info/miw3110
2026-07-10,noryangjin,노량진수산물도매시장,,자바리,(활)자바리,활,중국,4미,kg,38.1,,20500,19000,19800,https://www.susansijang.co.kr/nsis/miw/ko/info/miw3110
2026-07-10,noryangjin,노량진수산물도매시장,,잡어,(선)잡어,선,완도,1미,미(마리),9,,2500,2500,2500,https://www.susansijang.co.kr/nsis/miw/ko/info/miw3110
2026-07-10,noryangjin,노량진수산물도매시장,,잡어,(선)잡어,선,안흥,10/20미,kg,58,,3300,1000,1800,https://www.susansijang.co.kr/nsis/miw/ko/info/miw3110
2026-07-10,noryangjin,노량진수산물도매시장,,잡어,(선)잡어,선,완도,1미,kg,10,,1500,1500,1500,https://www.susansijang.co.kr/nsis/miw/ko/info/miw3110
2026-07-10,noryangjin,노량진수산물도매시장,,잡어,(선)잡어,선,완도,5/10미,kg,5.1,,12000,12000,12000,https://www.susansijang.co.kr/nsis/miw/ko/info/miw3110
2026-07-10,noryangjin,노량진수산물도매시장,,잡어,(선)잡어,선,완도,8미,kg,1.9,,2000,2000,2000,https://www.susansijang.co.kr/nsis/miw/ko/info/miw3110
2026-07-10,noryangjin,노량진수산물도매시장,,잡어,(선)잡어,선,군산,30미,S/P,5,,18000,18000,18000,https://www.susansijang.co.kr/nsis/miw/ko/info/miw3110
2026-07-10,noryangjin,노량진수산물도매시장,,잡어,(선)잡어,선,중국,2미,kg,10.6,,500,500,500,https://www.susansijang.co.kr/nsis/miw/ko/info/miw3110
2026-07-10,noryangjin,노량진수산물도매시장,,잡어,(선)잡어,선,안흥,1미,kg,2.8,,11000,11000,11000,https://www.susansijang.co.kr/nsis/miw/ko/info/miw3110
2026-07-10,noryangjin,노량진수산물도매시장,,잡어,(선)잡어,선,중국,4/5미,kg,25.4,,500,500,500,https://www.susansijang.co.kr/nsis/miw/ko/info/miw3110
2026-07-10,noryangjin,노량진수산물도매시장,,잡어,(선)잡어,선,완도,30/40미,kg,4.7,,500,500,500,https://www.susansijang.co.kr/nsis/miw/ko/info/miw3110
2026-07-10,noryangjin,노량진수산물도매시장,,전갱이,(활)전갱이,활,통영,16미,kg,158.7,,28000,28000,28000,https://www.susansijang.co.kr/nsis/miw/ko/info/miw3110
2026-07-10,noryangjin,노량진수산물도매시장,,전갱이,(활)전갱이,활,통영,11미,kg,3.3,,28000,28000,28000,https://www.susansijang.co.kr/nsis/miw/ko/info/miw3110
2026-07-10,noryangjin,노량진수산물도매시장,,흑점줄전갱이,(활)흑점줄전갱이,활,일본,7/8미,kg,15.2,,40000,40000,40000,https://www.susansijang.co.kr/nsis/miw/ko/info/miw3110
2026-07-10,noryangjin,노량진수산물도매시장,,흑점줄전갱이,(활)흑점줄전갱이,활,일본,5미,kg,32,,38000,38000,38000,https://www.susansijang.co.kr/nsis/miw/ko/info/miw3110
2026-07-10,noryangjin,노량진수산물도매시장,,흑점줄전갱이,(활)흑점줄전갱이,활,일본,3미,kg,142.8,,38000,22000,30700,https://www.susansijang.co.kr/nsis/miw/ko/info/miw3110
2026-07-10,noryangjin,노량진수산물도매시장,,흑점줄전갱이,(활)흑점줄전갱이,활,일본,10/15미,kg,21.3,,26000,26000,26000,https://www.susansijang.co.kr/nsis/miw/ko/info/miw3110
2026-07-10,noryangjin,노량진수산물도매시장,,흑점줄전갱이,(활)흑점줄전갱이,활,일본,2/3미,kg,101,,36000,19000,28400,https://www.susansijang.co.kr/nsis/miw/ko/info/miw3110
2026-07-10,noryangjin,노량진수산물도매시장,,흑점줄전갱이,(선)흑점줄전갱이,선,일본,3미,kg,94.2,,12000,10000,11400,https://www.susansijang.co.kr/nsis/miw/ko/info/miw3110
2026-07-10,noryangjin,노량진수산물도매시장,,흑점줄전갱이,(선)흑점줄전갱이,선,일본,4미,kg,11.6,,18000,18000,18000,https://www.susansijang.co.kr/nsis/miw/ko/info/miw3110
2026-07-10,noryangjin,노량진수산물도매시장,,흑점줄전갱이,(선)흑점줄전갱이,선,일본,1미,kg,31.5,,8500,4000,6400,https://www.susansijang.co.kr/nsis/miw/ko/info/miw3110
2026-07-10,noryangjin,노량진수산물도매시장,,전갱이,(선)전갱이,선,제주도,10미,S/P,1,,30000,30000,30000,https://www.susansijang.co.kr/nsis/miw/ko/info/miw3110
2026-07-10,noryangjin,노량진수산물도매시장,,흑점줄전갱이,(활)흑점줄전갱이,활,일본,2미,kg,67.3,,38000,19000,33800,https://www.susansijang.co.kr/nsis/miw/ko/info/miw3110
2026-07-10,noryangjin,노량진수산물도매시장,,흑점줄전갱이,(활)흑점줄전갱이,활,일본,1미,kg,14.8,,39000,17000,29200,https://www.susansijang.co.kr/nsis/miw/ko/info/miw3110
2026-07-10,noryangjin,노량진수산물도매시장,,흑점줄전갱이,(활)흑점줄전갱이,활,일본,5/10미,kg,86.9,,39000,27000,38700,https://www.susansijang.co.kr/nsis/miw/ko/info/miw3110
2026-07-10,noryangjin,노량진수산물도매시장,,흑점줄전갱이,(활)흑점줄전갱이,활,일본,4미,kg,66.3,,40000,18000,32700,https://www.susansijang.co.kr/nsis/miw/ko/info/miw3110
2026-07-10,noryangjin,노량진수산물도매시장,,전복,(활)전복,활,완도,9미,kg,598.7,,12500,11000,11100,https://www.susansijang.co.kr/nsis/miw/ko/info/miw3110
2026-07-10,noryangjin,노량진수산물도매시장,,전복,(활)전복,활,완도,15미,kg,72.5,,12000,10000,11300,https://www.susansijang.co.kr/nsis/miw/ko/info/miw3110
2026-07-10,noryangjin,노량진수산물도매시장,,전복,(활)전복,활,완도,5미,kg,120.5,,20000,20000,20000,https://www.susansijang.co.kr/nsis/miw/ko/info/miw3110
2026-07-10,noryangjin,노량진수산물도매시장,,전복,(활)전복,활,완도,10/11미,kg,310.4,,12500,11500,12000,https://www.susansijang.co.kr/nsis/miw/ko/info/miw3110
2026-07-10,noryangjin,노량진수산물도매시장,,전복,(활)전복,활,완도,16/17미,kg,11.1,,11500,11500,11500,https://www.susansijang.co.kr/nsis/miw/ko/info/miw3110
2026-07-10,noryangjin,노량진수산물도매시장,,전복,(활)전복,활,완도,13/14미,kg,285.4,,12500,11000,11900,https://www.susansijang.co.kr/nsis/miw/ko/info/miw3110
2026-07-10,noryangjin,노량진수산물도매시장,,전복,(활)전복,활,완도,14/15미,kg,80,,12000,12000,12000,https://www.susansijang.co.kr/nsis/miw/ko/info/miw3110
2026-07-10,noryangjin,노량진수산물도매시장,,전복,(활)전복,활,완도,17/18미,kg,165.5,,12000,12000,12000,https://www.susansijang.co.kr/nsis/miw/ko/info/miw3110
2026-07-10,noryangjin,노량진수산물도매시장,,전복,(활)전복,활,완도,12/13미,kg,362.7,,12500,11000,12200,https://www.susansijang.co.kr/nsis/miw/ko/info/miw3110
2026-07-10,noryangjin,노량진수산물도매시장,,전복,(활)전복,활,완도,22미,kg,54.9,,12000,11500,11600,https://www.susansijang.co.kr/nsis/miw/ko/info/miw3110
2026-07-10,noryangjin,노량진수산물도매시장,,전복,(활)전복,활,완도,5/6미,kg,83,,18000,17500,17800,https://www.susansijang.co.kr/nsis/miw/ko/info/miw3110
2026-07-10,noryangjin,노량진수산물도매시장,,전복,(활)전복,활,완도,6/7미,kg,166,,17500,16000,16500,https://www.susansijang.co.kr/nsis/miw/ko/info/miw3110
2026-07-10,noryangjin,노량진수산물도매시장,,전복,(활)전복,활,완도,40미,kg,12.3,,8000,8000,8000,https://www.susansijang.co.kr/nsis/miw/ko/info/miw3110
2026-07-10,noryangjin,노량진수산물도매시장,,전복,(활)전복,활,완도,11/12미,kg,182.8,,12500,11000,11900,https://www.susansijang.co.kr/nsis/miw/ko/info/miw3110
2026-07-10,noryangjin,노량진수산물도매시장,,전복,(활)전복,활,완도,29/30미,kg,9.8,,11500,11500,11500,https://www.susansijang.co.kr/nsis/miw/ko/info/miw3110
2026-07-10,noryangjin,노량진수산물도매시장,,전복,(활)전복,활,완도,15/16미,kg,114.8,,12000,12000,12000,https://www.susansijang.co.kr/nsis/miw/ko/info/miw3110
2026-07-10,noryangjin,노량진수산물도매시장,,전복,(활)전복,활,완도,25/30미,kg,54.9,,11000,10000,10400,https://www.susansijang.co.kr/nsis/miw/ko/info/miw3110
2026-07-10,noryangjin,노량진수산물도매시장,,전복,(활)전복,활,완도,21미,kg,22.5,,12000,12000,12000,https://www.susansijang.co.kr/nsis/miw/ko/info/miw3110
2026-07-10,noryangjin,노량진수산물도매시장,,전복,(활)전복,활,완도,6미,kg,120.9,,20000,20000,20000,https://www.susansijang.co.kr/nsis/miw/ko/info/miw3110
2026-07-10,noryangjin,노량진수산물도매시장,,전복,(활)전복,활,완도,18미,kg,78,,12000,12000,12000,https://www.susansijang.co.kr/nsis/miw/ko/info/miw3110
2026-07-10,noryangjin,노량진수산물도매시장,,전복,(활)전복,활,완도,17미,kg,22.4,,12000,11500,11700,https://www.susansijang.co.kr/nsis/miw/ko/info/miw3110
2026-07-10,noryangjin,노량진수산물도매시장,,전복,(활)전복,활,완도,20미,kg,20.2,,12000,12000,12000,https://www.susansijang.co.kr/nsis/miw/ko/info/miw3110
2026-07-10,noryangjin,노량진수산물도매시장,,전복,(활)전복,활,완도,19/20미,kg,24.5,,12000,12000,12000,https://www.susansijang.co.kr/nsis/miw/ko/info/miw3110
2026-07-10,noryangjin,노량진수산물도매시장,,전복,(활)전복,활,완도,14미,kg,105.6,,12500,12000,12400,https://www.susansijang.co.kr/nsis/miw/ko/info/miw3110
2026-07-10,noryangjin,노량진수산물도매시장,,전복,(활)전복,활,완도,20/21미,kg,45.5,,12000,11500,11600,https://www.susansijang.co.kr/nsis/miw/ko/info/miw3110
2026-07-10,noryangjin,노량진수산물도매시장,,전복,(활)전복,활,완도,10미,kg,80.6,,12000,12000,12000,https://www.susansijang.co.kr/nsis/miw/ko/info/miw3110
2026-07-10,noryangjin,노량진수산물도매시장,,전복,(활)전복,활,완도,50미,kg,24.4,,7000,7000,7000,https://www.susansijang.co.kr/nsis/miw/ko/info/miw3110
2026-07-10,noryangjin,노량진수산물도매시장,,전복,(활)전복,활,완도,30미,kg,10.1,,11000,11000,11000,https://www.susansijang.co.kr/nsis/miw/ko/info/miw3110
2026-07-10,noryangjin,노량진수산물도매시장,,전복,(활)전복,활,완도,8/9미,kg,323.1,,13500,9000,11400,https://www.susansijang.co.kr/nsis/miw/ko/info/miw3110
2026-07-10,noryangjin,노량진수산물도매시장,,전복,(활)전복,활,완도,16미,kg,77.6,,12500,11500,12000,https://www.susansijang.co.kr/nsis/miw/ko/info/miw3110
2026-07-10,noryangjin,노량진수산물도매시장,,전복,(활)전복,활,완도,9/10미,kg,453.9,,13000,10000,12100,https://www.susansijang.co.kr/nsis/miw/ko/info/miw3110
2026-07-10,noryangjin,노량진수산물도매시장,,전복,(활)전복,활,완도,22/23미,kg,10.6,,12000,12000,12000,https://www.susansijang.co.kr/nsis/miw/ko/info/miw3110
2026-07-10,noryangjin,노량진수산물도매시장,,전복,(활)전복,활,완도,4미,kg,115.6,,22500,21000,21200,https://www.susansijang.co.kr/nsis/miw/ko/info/miw3110
2026-07-10,noryangjin,노량진수산물도매시장,,전복,(활)전복,활,완도,11미,kg,11.1,,12000,12000,12000,https://www.susansijang.co.kr/nsis/miw/ko/info/miw3110
2026-07-10,noryangjin,노량진수산물도매시장,,전복,(활)전복,활,완도,13미,kg,16.9,,12000,12000,12000,https://www.susansijang.co.kr/nsis/miw/ko/info/miw3110
2026-07-10,noryangjin,노량진수산물도매시장,,전복,(활)전복,활,완도,7/8미,kg,106.9,,14500,14000,14200,https://www.susansijang.co.kr/nsis/miw/ko/info/miw3110
2026-07-10,noryangjin,노량진수산물도매시장,,절단게,(냉)절단게,냉,중국,2L,CT/(BT),10,,29000,29000,29000,https://www.susansijang.co.kr/nsis/miw/ko/info/miw3110
2026-07-10,noryangjin,노량진수산물도매시장,,절단게,(냉)절단게,냉,중국,3L,CT/(BT),20,,49100,49100,49100,https://www.susansijang.co.kr/nsis/miw/ko/info/miw3110
2026-07-10,noryangjin,노량진수산물도매시장,,점성어,(활)점성어,활,중국,2/3미,kg,202.8,,10000,5000,7900,https://www.susansijang.co.kr/nsis/miw/ko/info/miw3110
2026-07-10,noryangjin,노량진수산물도매시장,,점성어,(활)점성어,활,중국,2미,kg,176.6,,11500,8000,10400,https://www.susansijang.co.kr/nsis/miw/ko/info/miw3110
2026-07-10,noryangjin,노량진수산물도매시장,,점성어,(활)점성어,활,중국,1미,kg,79.8,,12000,8000,11400,https://www.susansijang.co.kr/nsis/miw/ko/info/miw3110
2026-07-10,noryangjin,노량진수산물도매시장,,점성어,(활)점성어,활,중국,3미,kg,139.4,,11000,11000,11000,https://www.susansijang.co.kr/nsis/miw/ko/info/miw3110
2026-07-10,noryangjin,노량진수산물도매시장,,진주담치,(활)진주담치,활,마산,중,그물망,100,,9900,7700,8600,https://www.susansijang.co.kr/nsis/miw/ko/info/miw3110
2026-07-10,noryangjin,노량진수산물도매시장,,진주담치,(활)진주담치,활,여수,중,그물망,16,,8000,7500,7800,https://www.susansijang.co.kr/nsis/miw/ko/info/miw3110
2026-07-10,noryangjin,노량진수산물도매시장,가숭어,참숭어,(활)참숭어,활,진도,5/10미,kg,25.1,,8000,8000,8000,https://www.susansijang.co.kr/nsis/miw/ko/info/miw3110
2026-07-10,noryangjin,노량진수산물도매시장,가숭어,참숭어,(활)참숭어,활,인천,5/10미,kg,732.1,,12000,2500,9600,https://www.susansijang.co.kr/nsis/miw/ko/info/miw3110
2026-07-10,noryangjin,노량진수산물도매시장,가숭어,참숭어,(활)참숭어,활,인천,10/15미,kg,48.3,,11000,9000,10400,https://www.susansijang.co.kr/nsis/miw/ko/info/miw3110
2026-07-10,noryangjin,노량진수산물도매시장,,청어,(선)청어,선,속초,14/15미,S/P,7,,20000,20000,20000,https://www.susansijang.co.kr/nsis/miw/ko/info/miw3110
2026-07-10,noryangjin,노량진수산물도매시장,,청어,(선)청어,선,속초,20미,S/P,2,,12000,12000,12000,https://www.susansijang.co.kr/nsis/miw/ko/info/miw3110
2026-07-10,noryangjin,노량진수산물도매시장,,청어,(선)청어,선,속초,14미,S/P,35,,10000,10000,10000,https://www.susansijang.co.kr/nsis/miw/ko/info/miw3110
2026-07-10,noryangjin,노량진수산물도매시장,,청어,(선)청어,선,속초,18미,S/P,20,,15000,15000,15000,https://www.susansijang.co.kr/nsis/miw/ko/info/miw3110
2026-07-10,noryangjin,노량진수산물도매시장,,칼바지락,(활)칼바지락,활,중국,1봉,box,79,,4500,4000,4300,https://www.susansijang.co.kr/nsis/miw/ko/info/miw3110
2026-07-10,noryangjin,노량진수산물도매시장,,토바지락,(활)토바지락,활,중국,2봉,box,15,,4500,4500,4500,https://www.susansijang.co.kr/nsis/miw/ko/info/miw3110
2026-07-10,noryangjin,노량진수산물도매시장,,통치,(선)통치,선,목포,7미,kg,10.3,,26000,26000,26000,https://www.susansijang.co.kr/nsis/miw/ko/info/miw3110
2026-07-10,noryangjin,노량진수산물도매시장,,통치,(선)통치,선,목포,10미,kg,7.8,,23000,23000,23000,https://www.susansijang.co.kr/nsis/miw/ko/info/miw3110
2026-07-10,noryangjin,노량진수산물도매시장,,통치,(선)통치,선,목포,5미,kg,5,,23000,23000,23000,https://www.susansijang.co.kr/nsis/miw/ko/info/miw3110
2026-07-10,noryangjin,노량진수산물도매시장,,피꼬막(피조개),(활)피꼬막(피조개),활,마산,중,그물망,25,,28500,23600,26400,https://www.susansijang.co.kr/nsis/miw/ko/info/miw3110
